id,email,name
1,example@railstutorial.org,Example User
2,example-1@railstutorial.org,Jonelle Wisoky
3,example-2@railstutorial.org,Malvina Terry
4,example-3@railstutorial.org,Rodger Von
5,example-4@railstutorial.org,Avery Dach
6,example-5@railstutorial.org,Germaine Jacobs
7,example-6@railstutorial.org,Rodney Champlin
8,example-7@railstutorial.org,Suzette Davis
9,example-8@railstutorial.org,Federico Herman
10,example-9@railstutorial.org,Garret Kautzer
11,example-10@railstutorial.org,Mr. Alonzo Kovacek
12,example-11@railstutorial.org,Refugio Lindgren
13,example-12@railstutorial.org,Brandon Schneider
14,example-13@railstutorial.org,Crista Howell Sr.
15,example-14@railstutorial.org,Obdulia Kozey
16,example-15@railstutorial.org,Mr. Joesph Romaguera
17,example-16@railstutorial.org,Miss Amado Kulas
18,example-17@railstutorial.org,Alessandra Flatley
19,example-18@railstutorial.org,Bud Jenkins
20,example-19@railstutorial.org,Gavin Carter
21,example-20@railstutorial.org,Isabelle Mitchell
22,example-21@railstutorial.org,Bradford Schmitt
23,example-22@railstutorial.org,Lurlene Harris
24,example-23@railstutorial.org,Dr. Hank Howell
25,example-24@railstutorial.org,Lenny Smitham
26,example-25@railstutorial.org,Mr. Elwood Tromp
27,example-26@railstutorial.org,Brock Veum
28,example-27@railstutorial.org,Minh Wolff II
29,example-28@railstutorial.org,Devon Auer
30,example-29@railstutorial.org,Miss Chi Bartell
31,example-30@railstutorial.org,Johnie Leannon
32,example-31@railstutorial.org,Scott Hegmann IV
33,example-32@railstutorial.org,Raymundo Mitchell
34,example-33@railstutorial.org,Eugenio Crist Jr.
35,example-34@railstutorial.org,Tora Bahringer
36,example-35@railstutorial.org,Lanette Becker
37,example-36@railstutorial.org,Marva Kutch
38,example-37@railstutorial.org,Nanette Kris
39,example-38@railstutorial.org,Florentino Wolf
40,example-39@railstutorial.org,Abe Kris
41,example-40@railstutorial.org,Mohamed Funk
42,example-41@railstutorial.org,Jewell Rodriguez
43,example-42@railstutorial.org,Britt Satterfield
44,example-43@railstutorial.org,Josefina Larkin
45,example-44@railstutorial.org,Ms. Rodger Russel
46,example-45@railstutorial.org,Lakenya Bartoletti I
47,example-46@railstutorial.org,Dr. Wade Franecki
48,example-47@railstutorial.org,Hershel Keebler
49,example-48@railstutorial.org,Ulysses Dickens
50,example-49@railstutorial.org,Monty Marquardt
51,example-50@railstutorial.org,Reggie Aufderhar
52,example-51@railstutorial.org,Lupe Keeling
53,example-52@railstutorial.org,Adolfo Crist
54,example-53@railstutorial.org,Hubert Dickinson
55,example-54@railstutorial.org,Willie Cremin
56,example-55@railstutorial.org,Albert Strosin
57,example-56@railstutorial.org,Tawnya Weimann MD
58,example-57@railstutorial.org,Ricki Schuster
59,example-58@railstutorial.org,Young Brown
60,example-59@railstutorial.org,Ms. Coy Kutch
61,example-60@railstutorial.org,Jazmine Graham
62,example-61@railstutorial.org,Haley Fritsch
63,example-62@railstutorial.org,Les Bode
64,example-63@railstutorial.org,Thanh Koepp
65,example-64@railstutorial.org,Nathaniel Bradtke
66,example-65@railstutorial.org,Mrs. Peggie Veum
67,example-66@railstutorial.org,Danny Bahringer
68,example-67@railstutorial.org,Lyda Hills DVM
69,example-68@railstutorial.org,Kimberley Kohler DDS
70,example-69@railstutorial.org,Xenia Terry
71,example-70@railstutorial.org,Pricilla Ullrich
72,example-71@railstutorial.org,Romeo Tillman
73,example-72@railstutorial.org,Ms. Shakia Hartmann
74,example-73@railstutorial.org,Edmund Rolfson
75,example-74@railstutorial.org,Pearly Schuppe
76,example-75@railstutorial.org,Paul Morissette
77,example-76@railstutorial.org,Gabriella Grady
78,example-77@railstutorial.org,Margarita Ernser III
79,example-78@railstutorial.org,Ms. Sha Runte
80,example-79@railstutorial.org,Thaddeus Hegmann I
81,example-80@railstutorial.org,Bethann D'Amore
82,example-81@railstutorial.org,Nancie Collier
83,example-82@railstutorial.org,Celesta Waelchi
84,example-83@railstutorial.org,Miss Yer Barrows
85,example-84@railstutorial.org,Kecia O'Connell III
86,example-85@railstutorial.org,Loyd Rowe
87,example-86@railstutorial.org,Gilberto Keebler
88,example-87@railstutorial.org,Rico Deckow Sr.
89,example-88@railstutorial.org,Miss Wesley Hirthe
90,example-89@railstutorial.org,Emory Muller
91,example-90@railstutorial.org,Lauren Adams
92,example-91@railstutorial.org,Miss Tayna Predovic
93,example-92@railstutorial.org,Jude Cormier II
94,example-93@railstutorial.org,Vergie Wyman I
95,example-94@railstutorial.org,Alyse Jaskolski DVM
96,example-95@railstutorial.org,Rod Conn I
97,example-96@railstutorial.org,Merideth Robel
98,example-97@railstutorial.org,Emilie Larson
99,example-98@railstutorial.org,Miss Cletus Corkery
100,example-99@railstutorial.org,Edwin Kling
101,namthp99@gmail.com,Nam Vũ
103,ngocnghia19011999@gmail.com,nghĩa nguyễn
104,sample.app.bunbu@gmail.com,nam vu
